{
    "temporal_1": {
        "rotation": [
            [
                0.9956820711590395,
                0.07766196900725497,
                0.05085107415149248
            ],
            [
                -0.0811772228356423,
                0.9941561554454601,
                0.07116036173738433
            ],
            [
                -0.04502745457092683,
                -0.0749810453369317,
                0.9961678428734007
            ]
        ],
        "translation": [
            [
                -0.7518117192785636
            ],
            [
                -0.2229607515857277
            ],
            [
                0.6205381873887682
            ]
        ]
    },
    "temporal_0": {
        "rotation": [
            [
                0.7608521725550349,
                0.20331780089509027,
                0.6162514449130873
            ],
            [
                -0.17371871576923445,
                0.978805276866549,
                -0.10845292882023216
            ],
            [
                -0.6252405771459266,
                -0.02453776308840644,
                0.7800462286767661
            ]
        ],
        "translation": [
            [
                -0.021665296491036826
            ],
            [
                -0.1577924811422403
            ],
            [
                -0.9872345961436578
            ]
        ]
    }
}